﻿<?xml version="1.0" encoding="UTF-8"?>
<MD_Metadata xsi:schemaLocation="http://zgate.gsi.go.jp/ch/jmp/ http://zgate.gsi.go.jp/ch/jmp/JMP20.xsd" xmlns:xsi="http://www.w3.org/2001/XMLSchema-instance" xmlns="http://zgate.gsi.go.jp/ch/jmp/" xmlns:jmp20="http://zgate.gsi.go.jp/ch/jmp/">
  <identificationInfo>
    <MD_DataIdentification>
      <citation>
        <title>10mメッシュ（火山標高）</title>
        <date>
          <date>2009-08-01</date>
          <dateType>001</dateType>
        </date>
      </citation>
      <abstract>この数値地図は、国土地理院発行の５千分１及び１万分１火山基本図に描かれている等高線を数値化し、この数値データを基にして作成した数値標高モデル（DEM）です。火山基本図を南北及び東西方向に、それぞれ10m間隔で分割して得られる各方眼の中心の標高が記録されています。</abstract>
      <purpose>基盤地図情報は、地理空間情報を高度に活用することを推進するための共通基盤として広く利用できることを目指して整備された電子白地図です。このデータは、基盤地図情報のなかで、火山周辺の数値標高モデルを対象としています。(対象範囲=「雌阿寒岳」、「岩木山」、「岩手山」、「秋田駒ケ岳」、「鳥海山」、「蔵王山」、「安達太良山」、「那須岳」、「草津白根山」、「鶴見岳（鶴見岳・由布岳）」、「くじゅう連山」、「阿蘇山」、「霧島山」、「有珠山」、「秋田焼山」、「磐梯山」、「焼岳」、「富士山」、「伊豆大島」、「三宅島」、「東伊豆単成火山群（遠笠山・大室山・小室山）」、「雲仙岳」、「薩摩硫黄島」、「薩摩竹島」、「諏訪之瀬島」、「浅間山」)</purpose>
      <status>001</status>
      <descriptiveKeywords>
        <MD_Keywords>
          <keyword>メタデータ種別（基盤地図情報）</keyword>
          <keyword>作成方法（「数値地図10ｍメッシュ（火山標高）」の日本測地系/平面直角座標系データをラスタデータに変換し、経度0.4秒×緯度0.4秒ごとに読み直した。）</keyword>
          <keyword>座標値の単位（m）</keyword>
          <type>005</type>
        </MD_Keywords>
      </descriptiveKeywords>
      <spatialRepresentationType>002</spatialRepresentationType>
      <language>
        <isoCode>jpn</isoCode>
      </language>
      <characterSet>023</characterSet>
      <topicCategory>006</topicCategory>
      <extent>
        <geographicElement>
          <EX_GeographicBoundingBox>
            <extentTypeCode>1</extentTypeCode>
            <extentReferenceSystem>
              <code>JGD2000 / (B,L)</code>
            </extentReferenceSystem>
            <westBoundLongitude>122.875472</westBoundLongitude>
            <eastBoundLongitude>153.996139</eastBoundLongitude>
            <southBoundLatitude>20.421389</southBoundLatitude>
            <northBoundLatitude>45.585528</northBoundLatitude>
          </EX_GeographicBoundingBox>
          <EX_GeographicDescription>
            <geographicIdentifier>
              <code>26火山（「雌阿寒岳」、「岩木山」、「岩手山」、「秋田駒ケ岳」、「鳥海山」、「蔵王山」、「安達太良山」、「那須岳」、「草津白根山」、「鶴見岳（鶴見岳・由布岳）」、「くじゅう連山」、「阿蘇山」、「霧島山」、「有珠山」、「秋田焼山」、「磐梯山」、「焼岳」、「富士山」、「伊豆大島」、「三宅島」、「東伊豆単成火山群（遠笠山・大室山・小室山）」、「雲仙岳」、「薩摩硫黄島」、「薩摩竹島」、「諏訪之瀬島」、「浅間山」）</code>
            </geographicIdentifier>
          </EX_GeographicDescription>
        </geographicElement>
      </extent>
    </MD_DataIdentification>
  </identificationInfo>
  <distributionInfo>
    <MD_Distribution>
      <distributionFormat>
        <MD_Format>
          <name>JPGIS 附属書8 符号化規則</name>
          <version>1.0</version>
        </MD_Format>
        <MD_Format>
          <name>ISO19136 GML</name>
          <version>3.2</version>
        </MD_Format>
      </distributionFormat>
    </MD_Distribution>
  </distributionInfo>
  <referenceSystemInfo>
    <MD_ReferenceSystem>
      <referenceSystemIdentifier>
        <code>JGD2000 / (B, L)</code>
      </referenceSystemIdentifier>
    </MD_ReferenceSystem>
  </referenceSystemInfo>
  <fileIdentifier>fmdid:0-4</fileIdentifier>
  <language>
    <isoCode>jpn</isoCode>
  </language>
  <characterSet>004</characterSet>
  <hierarchyLevel>005</hierarchyLevel>
  <contact>
    <organisationName>国土交通省国土地理院</organisationName>
    <positionName>企画部 地理空間情報企画室</positionName>
    <contactInfo>
      <phone>
        <voice>029-864-1111</voice>
      </phone>
      <address>
        <deliveryPoint>北郷１番</deliveryPoint>
        <city>つくば市</city>
        <administrativeArea>茨城県</administrativeArea>
        <postalCode>305-0811</postalCode>
        <country>jpn</country>
        <electronicMailAddress>gsi-fgd@gxb.mlit.go.jp</electronicMailAddress>
      </address>
    </contactInfo>
    <role>007</role>
  </contact>
  <dateStamp>2009-08-01</dateStamp>
  <metadataStandardName>JMP</metadataStandardName>
  <metadataStandardVersion>2.0</metadataStandardVersion>
</MD_Metadata>