﻿<?xml version="1.0" encoding="UTF-8"?>
<MD_Metadata xsi:schemaLocation="http://zgate.gsi.go.jp/ch/jmp/ http://zgate.gsi.go.jp/ch/jmp/JMP20.xsd" xmlns:xsi="http://www.w3.org/2001/XMLSchema-instance" xmlns="http://zgate.gsi.go.jp/ch/jmp/" xmlns:jmp20="http://zgate.gsi.go.jp/ch/jmp/">
  <identificationInfo>
    <MD_DataIdentification>
      <citation>
        <title>10mメッシュ（標高）</title>
        <date>
          <date>2009-05-01</date>
          <dateType>001</dateType>
        </date>
      </citation>
      <abstract>この標高データは、全国の2万5千分1地形図の等高線データ等を基に、地表0.4秒(約10ｍ)間隔で区切った方眼（メッシュ）中心点の標高を求めた数値標高モデル（DEM）です。なお、標高値は0.1m単位となっていますが、1m単位で求めたものが有効値であり、小数点以下につきましては、参考値として格納していますので、ご利用の際には予めご了承ください。</abstract>
      <purpose>基盤地図情報は、地理空間情報を高度に活用することを推進するための共通基盤として広く利用できることを目指して整備された電子白地図です。このデータは、基盤地図情報のなかで、全国をカバーする数値標高モデルを対象としています。(対象範囲=全国)</purpose>
      <status>001</status>
      <descriptiveKeywords>
        <MD_Keywords>
          <keyword>メタデータ種別（基盤地図情報）</keyword>
          <keyword>作成方法（全国の2万5千分1地形図の等高線データ等から不規則三角網(以下、「TIN」という。)を作成して、地表を緯度経度ともに0.4秒(約10ｍ)間隔で区切った方眼（メッシュ）の中心点の標高を記録した。）</keyword>
          <keyword>座標値の単位（m）</keyword>
          <type>005</type>
        </MD_Keywords>
      </descriptiveKeywords>
      <spatialRepresentationType>002</spatialRepresentationType>
      <language>
        <isoCode>jpn</isoCode>
      </language>
      <characterSet>023</characterSet>
      <topicCategory>006</topicCategory>
      <extent>
        <geographicElement>
          <EX_GeographicBoundingBox>
            <extentTypeCode>1</extentTypeCode>
            <extentReferenceSystem>
              <code>JGD2000 / (B,L)</code>
            </extentReferenceSystem>
            <westBoundLongitude>122.875472</westBoundLongitude>
            <eastBoundLongitude>153.996139</eastBoundLongitude>
            <southBoundLatitude>20.421389</southBoundLatitude>
            <northBoundLatitude>45.585528</northBoundLatitude>
          </EX_GeographicBoundingBox>
          <EX_GeographicDescription>
            <geographicIdentifier>
              <code>全国（北方四島を除く）</code>
            </geographicIdentifier>
          </EX_GeographicDescription>
        </geographicElement>
      </extent>
    </MD_DataIdentification>
  </identificationInfo>
  <distributionInfo>
    <MD_Distribution>
      <distributionFormat>
        <MD_Format>
          <name>JPGIS 附属書8 符号化規則</name>
          <version>1.0</version>
        </MD_Format>
        <MD_Format>
          <name>ISO19136 GML</name>
          <version>3.2</version>
        </MD_Format>
      </distributionFormat>
    </MD_Distribution>
  </distributionInfo>
  <referenceSystemInfo>
    <MD_ReferenceSystem>
      <referenceSystemIdentifier>
        <code>JGD2000 / (B, L)</code>
      </referenceSystemIdentifier>
    </MD_ReferenceSystem>
  </referenceSystemInfo>
  <fileIdentifier>fmdid:0-5</fileIdentifier>
  <language>
    <isoCode>jpn</isoCode>
  </language>
  <characterSet>004</characterSet>
  <hierarchyLevel>005</hierarchyLevel>
  <contact>
    <organisationName>国土交通省国土地理院</organisationName>
    <positionName>企画部 地理空間情報企画室</positionName>
    <contactInfo>
      <phone>
        <voice>029-864-1111</voice>
      </phone>
      <address>
        <deliveryPoint>北郷１番</deliveryPoint>
        <city>つくば市</city>
        <administrativeArea>茨城県</administrativeArea>
        <postalCode>305-0811</postalCode>
        <country>jpn</country>
        <electronicMailAddress>gsi-fgd@gxb.mlit.go.jp</electronicMailAddress>
      </address>
    </contactInfo>
    <role>007</role>
  </contact>
  <dateStamp>2009-05-01</dateStamp>
  <metadataStandardName>JMP</metadataStandardName>
  <metadataStandardVersion>2.0</metadataStandardVersion>
</MD_Metadata>